{"mean":{"confidence_interval":{"confidence_level":0.95,"lower_bound":8279230.287499997,"upper_bound":8440105.250000006},"point_estimate":8358928.166666664,"standard_error":41117.541387303645},"median":{"confidence_interval":{"confidence_level":0.95,"lower_bound":8279616.666666667,"upper_bound":8409675.0},"point_estimate":8352750.0,"standard_error":35584.21121183579},"median_abs_dev":{"confidence_interval":{"confidence_level":0.95,"lower_bound":234238.44084143615,"upper_bound":455219.9669182291},"point_estimate":338477.57399082254,"standard_error":57840.64932573477},"slope":null,"std_dev":{"confidence_interval":{"confidence_level":0.95,"lower_bound":349031.8758344583,"upper_bound":466654.8390793369},"point_estimate":411216.0550105025,"standard_error":29966.437313940572}}