{"mean":{"confidence_interval":{"confidence_level":0.95,"lower_bound":8931846.712499997,"upper_bound":9300039.120833334},"point_estimate":9114121.999999998,"standard_error":94144.03401903078},"median":{"confidence_interval":{"confidence_level":0.95,"lower_bound":8993000.0,"upper_bound":9319016.666666666},"point_estimate":9146283.333333334,"standard_error":82681.37640833527},"median_abs_dev":{"confidence_interval":{"confidence_level":0.95,"lower_bound":750689.7866725945,"upper_bound":1168350.5542576332},"point_estimate":1022956.9168388844,"standard_error":104357.59182371719},"slope":null,"std_dev":{"confidence_interval":{"confidence_level":0.95,"lower_bound":808763.5999865883,"upper_bound":1073658.3543746017},"point_estimate":948858.2859094107,"standard_error":67699.96861002943}}