{"mean":{"confidence_interval":{"confidence_level":0.95,"lower_bound":8512578.854166664,"upper_bound":8764432.224999998},"point_estimate":8637416.66666667,"standard_error":64363.28368708988},"median":{"confidence_interval":{"confidence_level":0.95,"lower_bound":8461583.333333334,"upper_bound":8683283.333333334},"point_estimate":8627566.666666668,"standard_error":59767.93721963032},"median_abs_dev":{"confidence_interval":{"confidence_level":0.95,"lower_bound":320216.8843150148,"upper_bound":573605.5748164644},"point_estimate":398275.7729291939,"standard_error":63620.30560483129},"slope":null,"std_dev":{"confidence_interval":{"confidence_level":0.95,"lower_bound":536056.7756650668,"upper_bound":748743.4742079062},"point_estimate":648253.3144079193,"standard_error":54232.46051564838}}