{"mean":{"confidence_interval":{"confidence_level":0.95,"lower_bound":8768380.166666668,"upper_bound":8962698.612500003},"point_estimate":8863347.500000004,"standard_error":49545.701917829916},"median":{"confidence_interval":{"confidence_level":0.95,"lower_bound":8714866.666666666,"upper_bound":8912583.333333334},"point_estimate":8791825.0,"standard_error":50215.95113081546},"median_abs_dev":{"confidence_interval":{"confidence_level":0.95,"lower_bound":273440.85514545254,"upper_bound":517748.6208081264},"point_estimate":346088.2538557048,"standard_error":67572.13221947793},"slope":null,"std_dev":{"confidence_interval":{"confidence_level":0.95,"lower_bound":408105.94768289337,"upper_bound":580265.94565959},"point_estimate":497175.49545338703,"standard_error":44281.46806203459}}