{"mean":{"confidence_interval":{"confidence_level":0.95,"lower_bound":8449767.770833336,"upper_bound":8768011.854166664},"point_estimate":8607267.166666664,"standard_error":81320.19690004914},"median":{"confidence_interval":{"confidence_level":0.95,"lower_bound":8191550.0,"upper_bound":8747875.0},"point_estimate":8521875.0,"standard_error":154565.75117826453},"median_abs_dev":{"confidence_interval":{"confidence_level":0.95,"lower_bound":687716.3527905936,"upper_bound":1120005.4401159268},"point_estimate":884729.1792929177,"standard_error":115181.19175792794},"slope":null,"std_dev":{"confidence_interval":{"confidence_level":0.95,"lower_bound":717974.2216913324,"upper_bound":903908.9263653983},"point_estimate":817174.6997988438,"standard_error":47540.64116616232}}