{"mean":{"confidence_interval":{"confidence_level":0.95,"lower_bound":0.22431870711226237,"upper_bound":0.4187781959533099},"point_estimate":0.3140550142553056,"standard_error":0.050389894179712236},"median":{"confidence_interval":{"confidence_level":0.95,"lower_bound":0.05549992753718658,"upper_bound":0.2523261052290804},"point_estimate":0.13637814521926672,"standard_error":0.05300857609870719}}