{"mean":{"confidence_interval":{"confidence_level":0.95,"lower_bound":-0.11623738865937162,"upper_bound":-0.06291398943073706},"point_estimate":-0.08947386744525743,"standard_error":0.013599169948102703},"median":{"confidence_interval":{"confidence_level":0.95,"lower_bound":-0.11126142091464719,"upper_bound":-0.04223273878240663},"point_estimate":-0.08076409645843563,"standard_error":0.018202133451030788}}