{"mean":{"confidence_interval":{"confidence_level":0.95,"lower_bound":8759983.325000001,"upper_bound":9076854.754999999},"point_estimate":8915494.8,"standard_error":80893.57600807244},"median":{"confidence_interval":{"confidence_level":0.95,"lower_bound":8557660.0,"upper_bound":8981070.0},"point_estimate":8803480.0,"standard_error":96823.97845461246},"median_abs_dev":{"confidence_interval":{"confidence_level":0.95,"lower_bound":610727.4071574211,"upper_bound":1039940.0995373726},"point_estimate":859641.1167383194,"standard_error":106359.01928162487},"slope":null,"std_dev":{"confidence_interval":{"confidence_level":0.95,"lower_bound":701965.9361949625,"upper_bound":913143.1585964924},"point_estimate":815142.5797801673,"standard_error":53776.26492532853}}