{"mean":{"confidence_interval":{"confidence_level":0.95,"lower_bound":8477344.937500002,"upper_bound":8630252.695833331},"point_estimate":8551578.500000002,"standard_error":39015.20821538268},"median":{"confidence_interval":{"confidence_level":0.95,"lower_bound":8468941.666666668,"upper_bound":8602733.333333332},"point_estimate":8550900.0,"standard_error":40060.24475712611},"median_abs_dev":{"confidence_interval":{"confidence_level":0.95,"lower_bound":227862.6432046273,"upper_bound":406827.5949023659},"point_estimate":302882.8196227555,"standard_error":43528.005227150956},"slope":null,"std_dev":{"confidence_interval":{"confidence_level":0.95,"lower_bound":305673.98348295875,"upper_bound":472525.3576266119},"point_estimate":390357.03775705013,"standard_error":42879.57317780075}}