{"mean":{"confidence_interval":{"confidence_level":0.95,"lower_bound":8870505.2,"upper_bound":9232340.62},"point_estimate":9048055.8,"standard_error":92728.57308478322},"median":{"confidence_interval":{"confidence_level":0.95,"lower_bound":8535740.0,"upper_bound":9209200.0},"point_estimate":8948780.0,"standard_error":198207.65690591309},"median_abs_dev":{"confidence_interval":{"confidence_level":0.95,"lower_bound":707763.5754346848,"upper_bound":1204063.9166235924},"point_estimate":875564.2404556274,"standard_error":122401.4368425245},"slope":null,"std_dev":{"confidence_interval":{"confidence_level":0.95,"lower_bound":795755.2341446977,"upper_bound":1069304.1386489053},"point_estimate":933693.5036065807,"standard_error":70435.22329532872}}