{"mean":{"confidence_interval":{"confidence_level":0.95,"lower_bound":0.020410397606052434,"upper_bound":0.06000743274199948},"point_estimate":0.03909327100652593,"standard_error":0.010148064161518675},"median":{"confidence_interval":{"confidence_level":0.95,"lower_bound":0.02262877264666363,"upper_bound":0.07048715958367713},"point_estimate":0.046365046100584006,"standard_error":0.012347788125721123}}