{"mean":{"confidence_interval":{"confidence_level":0.95,"lower_bound":8629345.404166663,"upper_bound":8926270.345833331},"point_estimate":8775301.33333333,"standard_error":75952.25298274758},"median":{"confidence_interval":{"confidence_level":0.95,"lower_bound":8428500.0,"upper_bound":8884300.0},"point_estimate":8581866.666666668,"standard_error":155605.01196900566},"median_abs_dev":{"confidence_interval":{"confidence_level":0.95,"lower_bound":536293.4754788883,"upper_bound":930244.9984848497},"point_estimate":701541.5975451451,"standard_error":95756.36270851493},"slope":null,"std_dev":{"confidence_interval":{"confidence_level":0.95,"lower_bound":655081.6737253513,"upper_bound":866803.3247959821},"point_estimate":766578.3963775765,"standard_error":53991.93538882715}}