{"mean":{"confidence_interval":{"confidence_level":0.95,"lower_bound":1.4642194422228654,"upper_bound":1.499554401239673},"point_estimate":1.4815667481294326,"standard_error":0.00904394420314272},"median":{"confidence_interval":{"confidence_level":0.95,"lower_bound":1.4522081993406952,"upper_bound":1.4933124744253434},"point_estimate":1.4575304442415398,"standard_error":0.00914722225982},"median_abs_dev":{"confidence_interval":{"confidence_level":0.95,"lower_bound":0.06881328914232897,"upper_bound":0.13675998617459686},"point_estimate":0.08474992937510639,"standard_error":0.01790599219176269},"slope":{"confidence_interval":{"confidence_level":0.95,"lower_bound":1.39978412221585,"upper_bound":1.424379049092603},"point_estimate":1.4109713933955863,"standard_error":0.006286524367800001},"std_dev":{"confidence_interval":{"confidence_level":0.95,"lower_bound":0.07754920998331263,"upper_bound":0.10467072673160357},"point_estimate":0.09097084276501366,"standard_error":0.006958014691465309}}