{"mean":{"confidence_interval":{"confidence_level":0.95,"lower_bound":0.07569693830193001,"upper_bound":0.1086491223480565},"point_estimate":0.09145940507806172,"standard_error":0.008435007485666106},"median":{"confidence_interval":{"confidence_level":0.95,"lower_bound":0.06287503008288682,"upper_bound":0.09569010067653783},"point_estimate":0.08002980211141097,"standard_error":0.008407084857808361}}