{"mean":{"confidence_interval":{"confidence_level":0.95,"lower_bound":0.09198571570998805,"upper_bound":0.13427827631178196},"point_estimate":0.1122920317997691,"standard_error":0.010755131423591725},"median":{"confidence_interval":{"confidence_level":0.95,"lower_bound":0.0583156752340257,"upper_bound":0.14844965890427408},"point_estimate":0.1156224245090689,"standard_error":0.025231907862425275}}