{"mean":{"confidence_interval":{"confidence_level":0.95,"lower_bound":588336.5082969762,"upper_bound":615029.8950292481},"point_estimate":602203.0227088621,"standard_error":6836.962554240828},"median":{"confidence_interval":{"confidence_level":0.95,"lower_bound":555796.7000236543,"upper_bound":632496.8181019775},"point_estimate":578224.0883032825,"standard_error":22097.510430386068}}