{"mean":{"confidence_interval":{"confidence_level":0.95,"lower_bound":9261684.454166666,"upper_bound":9530072.379166668},"point_estimate":9393055.833333336,"standard_error":68570.05594878542},"median":{"confidence_interval":{"confidence_level":0.95,"lower_bound":9193933.333333332,"upper_bound":9427933.333333334},"point_estimate":9337675.0,"standard_error":59047.94896155987},"median_abs_dev":{"confidence_interval":{"confidence_level":0.95,"lower_bound":393309.06301736925,"upper_bound":681119.0917827197},"point_estimate":518922.3457872863,"standard_error":73690.07789060342},"slope":null,"std_dev":{"confidence_interval":{"confidence_level":0.95,"lower_bound":565068.296785047,"upper_bound":812109.910041236},"point_estimate":691461.97161082,"standard_error":63381.96944902416}}