{"mean":{"confidence_interval":{"confidence_level":0.95,"lower_bound":8199632.383333334,"upper_bound":8356865.21666667},"point_estimate":8277605.666666666,"standard_error":40036.29382033689},"median":{"confidence_interval":{"confidence_level":0.95,"lower_bound":8176916.666666667,"upper_bound":8384866.666666667},"point_estimate":8280500.0,"standard_error":65191.34968785149},"median_abs_dev":{"confidence_interval":{"confidence_level":0.95,"lower_bound":264693.51530075097,"upper_bound":483475.8514165892},"point_estimate":328976.579159498,"standard_error":60250.32161508466},"slope":null,"std_dev":{"confidence_interval":{"confidence_level":0.95,"lower_bound":340793.95522729604,"upper_bound":461018.14627594326},"point_estimate":402062.83738149033,"standard_error":30719.445438252606}}