{"mean":{"confidence_interval":{"confidence_level":0.95,"lower_bound":-0.02500645816796037,"upper_bound":0.03166406258551995},"point_estimate":0.004175013762926616,"standard_error":0.014422776924701045},"median":{"confidence_interval":{"confidence_level":0.95,"lower_bound":-0.03546425108791229,"upper_bound":0.042946456583538684},"point_estimate":0.0001281085125406367,"standard_error":0.02137484670730823}}