{"mean":{"confidence_interval":{"confidence_level":0.95,"lower_bound":10788455.2125,"upper_bound":12538670.456249999},"point_estimate":11610847.75,"standard_error":447539.9906536641},"median":{"confidence_interval":{"confidence_level":0.95,"lower_bound":9235225.0,"upper_bound":10731725.0},"point_estimate":9879387.5,"standard_error":437242.86502153915},"median_abs_dev":{"confidence_interval":{"confidence_level":0.95,"lower_bound":1043361.1989766359,"upper_bound":2922723.458111286},"point_estimate":1832308.242470026,"standard_error":514657.2828888739},"slope":null,"std_dev":{"confidence_interval":{"confidence_level":0.95,"lower_bound":3114963.2788922945,"upper_bound":5700856.022028444},"point_estimate":4493868.045788137,"standard_error":662443.2316898983}}