{"mean":{"confidence_interval":{"confidence_level":0.95,"lower_bound":8782307.5,"upper_bound":9121326.0},"point_estimate":8943102.2,"standard_error":86717.84871964541},"median":{"confidence_interval":{"confidence_level":0.95,"lower_bound":8705280.0,"upper_bound":8905200.0},"point_estimate":8823220.0,"standard_error":46251.210960419114},"median_abs_dev":{"confidence_interval":{"confidence_level":0.95,"lower_bound":307861.884534359,"upper_bound":676482.9398900266},"point_estimate":490414.4192934036,"standard_error":99951.8563748815},"slope":null,"std_dev":{"confidence_interval":{"confidence_level":0.95,"lower_bound":577224.4795304562,"upper_bound":1149798.3096089768},"point_estimate":868255.0074876823,"standard_error":149062.87652921563}}