{"mean":{"confidence_interval":{"confidence_level":0.95,"lower_bound":8412679.38,"upper_bound":8621707.845},"point_estimate":8517105.6,"standard_error":53360.01981983444},"median":{"confidence_interval":{"confidence_level":0.95,"lower_bound":8334820.0,"upper_bound":8516160.0},"point_estimate":8407690.0,"standard_error":44832.03554429768},"median_abs_dev":{"confidence_interval":{"confidence_level":0.95,"lower_bound":363770.72954177856,"upper_bound":733234.6429824829},"point_estimate":562794.9500083923,"standard_error":91228.55990397219},"slope":null,"std_dev":{"confidence_interval":{"confidence_level":0.95,"lower_bound":472479.9739234911,"upper_bound":595309.1834665351},"point_estimate":538181.1319439247,"standard_error":31465.56297403582}}