{"mean":{"confidence_interval":{"confidence_level":0.95,"lower_bound":366176.8310910157,"upper_bound":375359.0265197948},"point_estimate":370795.26098817063,"standard_error":2326.8706142434894},"median":{"confidence_interval":{"confidence_level":0.95,"lower_bound":370107.34593888454,"upper_bound":380387.05009085184},"point_estimate":377205.05671057815,"standard_error":2578.1702965356203}}