{"mean":{"confidence_interval":{"confidence_level":0.95,"lower_bound":14.93853619940393,"upper_bound":15.277345628502612},"point_estimate":15.10257139457789,"standard_error":0.08628881291237583},"median":{"confidence_interval":{"confidence_level":0.95,"lower_bound":14.855792458154623,"upper_bound":15.34701232534569},"point_estimate":14.967725002798751,"standard_error":0.11305155881327458},"median_abs_dev":{"confidence_interval":{"confidence_level":0.95,"lower_bound":0.6239368410976116,"upper_bound":1.164244460135983},"point_estimate":0.8863034383254584,"standard_error":0.12378820614569958},"slope":{"confidence_interval":{"confidence_level":0.95,"lower_bound":14.352680318417413,"upper_bound":14.599798620710748},"point_estimate":14.46431308174887,"standard_error":0.06320277652671108},"std_dev":{"confidence_interval":{"confidence_level":0.95,"lower_bound":0.6829500020623598,"upper_bound":1.0994456565154729},"point_estimate":0.8704966433424728,"standard_error":0.11405469035999298}}