{"mean":{"confidence_interval":{"confidence_level":0.95,"lower_bound":9211089.399999999,"upper_bound":9637180.715},"point_estimate":9418368.2,"standard_error":108943.38998651766},"median":{"confidence_interval":{"confidence_level":0.95,"lower_bound":8712200.0,"upper_bound":9559900.0},"point_estimate":9368690.0,"standard_error":206112.11011264136},"median_abs_dev":{"confidence_interval":{"confidence_level":0.95,"lower_bound":751470.6226587296,"upper_bound":1407965.8910036087},"point_estimate":1220001.8663406372,"standard_error":159376.38041610274},"slope":null,"std_dev":{"confidence_interval":{"confidence_level":0.95,"lower_bound":888532.2173468032,"upper_bound":1303064.4196048842},"point_estimate":1095818.2647014463,"standard_error":107126.91008932336}}