{"mean":{"confidence_interval":{"confidence_level":0.95,"lower_bound":8531228.8625,"upper_bound":8750959.070833331},"point_estimate":8640977.166666666,"standard_error":56092.5107506863},"median":{"confidence_interval":{"confidence_level":0.95,"lower_bound":8604275.0,"upper_bound":8744183.333333334},"point_estimate":8686233.333333332,"standard_error":34881.32239152296},"median_abs_dev":{"confidence_interval":{"confidence_level":0.95,"lower_bound":351067.31876731105,"upper_bound":672408.5080623636},"point_estimate":543076.3703584699,"standard_error":84072.2525865054},"slope":null,"std_dev":{"confidence_interval":{"confidence_level":0.95,"lower_bound":485530.9646275238,"upper_bound":626900.7400208523},"point_estimate":561205.0147830048,"standard_error":36142.741915248655}}