{"mean":{"confidence_interval":{"confidence_level":0.95,"lower_bound":9587164.549999999,"upper_bound":10115278.955},"point_estimate":9843702.2,"standard_error":134950.9389575612},"median":{"confidence_interval":{"confidence_level":0.95,"lower_bound":9065310.0,"upper_bound":9478680.0},"point_estimate":9263370.0,"standard_error":112015.33014010244},"median_abs_dev":{"confidence_interval":{"confidence_level":0.95,"lower_bound":549777.7222394943,"upper_bound":1182877.5629997253},"point_estimate":772953.4962773323,"standard_error":157836.62661299243},"slope":null,"std_dev":{"confidence_interval":{"confidence_level":0.95,"lower_bound":1152458.8919694282,"upper_bound":1526900.7609120628},"point_estimate":1355660.6258812756,"standard_error":95755.46414635297}}