{"mean":{"confidence_interval":{"confidence_level":0.95,"lower_bound":8683612.833333334,"upper_bound":8988279.166666666},"point_estimate":8835268.833333336,"standard_error":77317.21045541007},"median":{"confidence_interval":{"confidence_level":0.95,"lower_bound":8698483.333333334,"upper_bound":8980600.0},"point_estimate":8826541.666666668,"standard_error":83110.1009590202},"median_abs_dev":{"confidence_interval":{"confidence_level":0.95,"lower_bound":636824.8731941008,"upper_bound":1085485.5707287795},"point_estimate":871163.3895337558,"standard_error":117786.63992363872},"slope":null,"std_dev":{"confidence_interval":{"confidence_level":0.95,"lower_bound":683465.6542940006,"upper_bound":865129.1657258454},"point_estimate":780848.1693973949,"standard_error":46755.89510412647}}