{"mean":{"confidence_interval":{"confidence_level":0.95,"lower_bound":103565.95220321046,"upper_bound":107971.37050737381},"point_estimate":105712.01197919414,"standard_error":1109.7985687950156},"median":{"confidence_interval":{"confidence_level":0.95,"lower_bound":101998.6923404632,"upper_bound":108078.92853731372},"point_estimate":105933.90573018898,"standard_error":1491.4951311671023}}