{"mean":{"confidence_interval":{"confidence_level":0.95,"lower_bound":91484.55323981478,"upper_bound":96647.32370398095},"point_estimate":94093.38235488627,"standard_error":1315.7497515281034},"median":{"confidence_interval":{"confidence_level":0.95,"lower_bound":90931.42672230976,"upper_bound":99198.92919214159},"point_estimate":96026.93266773746,"standard_error":2156.09628115563}}