{"mean":{"confidence_interval":{"confidence_level":0.95,"lower_bound":0.1373485415883655,"upper_bound":0.18922177779537144},"point_estimate":0.1635135810246613,"standard_error":0.013104322444819103},"median":{"confidence_interval":{"confidence_level":0.95,"lower_bound":0.10408978168724237,"upper_bound":0.19194949105606662},"point_estimate":0.16000609248258946,"standard_error":0.025328690018575992}}