{"mean":{"confidence_interval":{"confidence_level":0.95,"lower_bound":105099.27233164394,"upper_bound":109305.73014954665},"point_estimate":107211.42387941977,"standard_error":1078.3963589191849},"median":{"confidence_interval":{"confidence_level":0.95,"lower_bound":106430.69646291707,"upper_bound":111468.531680363},"point_estimate":110159.39283346733,"standard_error":1393.555207223674}}