{"mean":{"confidence_interval":{"confidence_level":0.95,"lower_bound":8244064.115,"upper_bound":8441050.4},"point_estimate":8340768.8,"standard_error":50125.52824883371},"median":{"confidence_interval":{"confidence_level":0.95,"lower_bound":8154060.0,"upper_bound":8319560.0},"point_estimate":8243400.0,"standard_error":39503.569473354764},"median_abs_dev":{"confidence_interval":{"confidence_level":0.95,"lower_bound":314503.93241643906,"upper_bound":613914.9971008301},"point_estimate":448501.3180375099,"standard_error":79237.70118728936},"slope":null,"std_dev":{"confidence_interval":{"confidence_level":0.95,"lower_bound":422288.4786127167,"upper_bound":584625.7086570758},"point_estimate":505765.30852524575,"standard_error":41744.77316067968}}