{"mean":{"confidence_interval":{"confidence_level":0.95,"lower_bound":8601861.229166664,"upper_bound":8880702.854166668},"point_estimate":8738666.000000002,"standard_error":71188.33898495295},"median":{"confidence_interval":{"confidence_level":0.95,"lower_bound":8472041.666666666,"upper_bound":8745150.0},"point_estimate":8569258.333333334,"standard_error":72839.35004172592},"median_abs_dev":{"confidence_interval":{"confidence_level":0.95,"lower_bound":569207.1948945508,"upper_bound":924092.2085940836},"point_estimate":671963.7280702572,"standard_error":95295.99817384998},"slope":null,"std_dev":{"confidence_interval":{"confidence_level":0.95,"lower_bound":606469.079538505,"upper_bound":820244.2827799584},"point_estimate":714545.282364592,"standard_error":54765.6142007022}}