{"mean":{"confidence_interval":{"confidence_level":0.95,"lower_bound":8712026.562499998,"upper_bound":9095215.866666663},"point_estimate":8900381.500000006,"standard_error":97832.32513887221},"median":{"confidence_interval":{"confidence_level":0.95,"lower_bound":8209216.666666667,"upper_bound":9256200.0},"point_estimate":8426200.0,"standard_error":304478.09558657656},"median_abs_dev":{"confidence_interval":{"confidence_level":0.95,"lower_bound":512658.36089849425,"upper_bound":1457692.2941207879},"point_estimate":929899.0584909918,"standard_error":234938.33942787696},"slope":null,"std_dev":{"confidence_interval":{"confidence_level":0.95,"lower_bound":854840.4974254044,"upper_bound":1094370.100507852},"point_estimate":982802.5820393227,"standard_error":60992.795785240036}}