{"mean":{"confidence_interval":{"confidence_level":0.95,"lower_bound":8429969.087499997,"upper_bound":8696678.8375},"point_estimate":8560650.666666668,"standard_error":68057.00351768019},"median":{"confidence_interval":{"confidence_level":0.95,"lower_bound":8381108.333333334,"upper_bound":8516900.0},"point_estimate":8445566.666666668,"standard_error":36438.42528322445},"median_abs_dev":{"confidence_interval":{"confidence_level":0.95,"lower_bound":407294.92276907014,"upper_bound":786852.8710305705},"point_estimate":606667.5542294977,"standard_error":102553.90369515137},"slope":null,"std_dev":{"confidence_interval":{"confidence_level":0.95,"lower_bound":574725.4204290699,"upper_bound":783185.487903659},"point_estimate":685107.0289374056,"standard_error":53197.34493640478}}