{"mean":{"confidence_interval":{"confidence_level":0.95,"lower_bound":8594609.058333334,"upper_bound":8842040.641666662},"point_estimate":8715811.833333336,"standard_error":63117.201051347285},"median":{"confidence_interval":{"confidence_level":0.95,"lower_bound":8522983.333333334,"upper_bound":8804108.333333332},"point_estimate":8704466.666666668,"standard_error":71479.6237052623},"median_abs_dev":{"confidence_interval":{"confidence_level":0.95,"lower_bound":413682.45765566966,"upper_bound":699700.7025778291},"point_estimate":517217.355817558,"standard_error":74219.50405740259},"slope":null,"std_dev":{"confidence_interval":{"confidence_level":0.95,"lower_bound":526841.2805870199,"upper_bound":728944.9271674211},"point_estimate":632607.3151588212,"standard_error":51602.173184687075}}