{"mean":{"confidence_interval":{"confidence_level":0.95,"lower_bound":0.05164045208620665,"upper_bound":0.09584272589648882},"point_estimate":0.07543174650879059,"standard_error":0.01128828735563513},"median":{"confidence_interval":{"confidence_level":0.95,"lower_bound":0.040780360863371,"upper_bound":0.10027777433315554},"point_estimate":0.0626799383333918,"standard_error":0.019416404031175765}}