{"mean":{"confidence_interval":{"confidence_level":0.95,"lower_bound":8410968.700000003,"upper_bound":8648046.699999997},"point_estimate":8526664.333333336,"standard_error":60458.929558579},"median":{"confidence_interval":{"confidence_level":0.95,"lower_bound":8280850.0,"upper_bound":8449383.333333334},"point_estimate":8323700.0,"standard_error":48223.31812682781},"median_abs_dev":{"confidence_interval":{"confidence_level":0.95,"lower_bound":267263.3552551267,"upper_bound":573222.569823266},"point_estimate":432647.3823189726,"standard_error":74706.62114577419},"slope":null,"std_dev":{"confidence_interval":{"confidence_level":0.95,"lower_bound":498071.5749136705,"upper_bound":701674.9309421288},"point_estimate":607784.09708559,"standard_error":51947.38811645288}}