{"mean":{"confidence_interval":{"confidence_level":0.95,"lower_bound":-0.07085575127762722,"upper_bound":-0.028809692210711682},"point_estimate":-0.0505298329268673,"standard_error":0.010706223702776737},"median":{"confidence_interval":{"confidence_level":0.95,"lower_bound":-0.07809033162217038,"upper_bound":-0.023132626431241587},"point_estimate":-0.04217234948613524,"standard_error":0.013452819494341066}}