{"mean":{"confidence_interval":{"confidence_level":0.95,"lower_bound":8830245.8,"upper_bound":9119284.62},"point_estimate":8972624.2,"standard_error":73818.20322829699},"median":{"confidence_interval":{"confidence_level":0.95,"lower_bound":8554540.0,"upper_bound":9243260.0},"point_estimate":9001790.0,"standard_error":207250.05974764377},"median_abs_dev":{"confidence_interval":{"confidence_level":0.95,"lower_bound":679564.523935318,"upper_bound":1011519.3993419408},"point_estimate":877417.4904227257,"standard_error":89317.29017227044},"slope":null,"std_dev":{"confidence_interval":{"confidence_level":0.95,"lower_bound":651874.4827249013,"upper_bound":819353.5794882589},"point_estimate":739789.7669385746,"standard_error":42870.50261694085}}