{"mean":{"confidence_interval":{"confidence_level":0.95,"lower_bound":0.03884085740549019,"upper_bound":0.09742722805073414},"point_estimate":0.06806517227653108,"standard_error":0.01487719269798648},"median":{"confidence_interval":{"confidence_level":0.95,"lower_bound":0.08196424939549374,"upper_bound":0.13823079025658735},"point_estimate":0.11438494380651187,"standard_error":0.014469772668857996}}