{"mean":{"confidence_interval":{"confidence_level":0.95,"lower_bound":435370.00871890184,"upper_bound":449072.15961261326},"point_estimate":442248.7686416209,"standard_error":3486.464247274458},"median":{"confidence_interval":{"confidence_level":0.95,"lower_bound":430902.52674506896,"upper_bound":439903.72749595984},"point_estimate":433490.05066926335,"standard_error":2491.3677186617847}}